x_mi,y_px,y_ft
0.000000,0.00,220.0
0.002505,0.00,220.0
0.005010,0.00,220.0
0.007516,0.00,220.0
0.010021,0.00,220.0
0.012526,0.00,220.0
0.015031,0.00,220.0
0.017537,0.00,220.0
0.020042,0.00,220.0
0.022547,0.00,220.0
0.025052,0.00,220.0
0.027557,0.00,220.0
0.030063,0.00,220.0
0.032568,0.00,220.0
0.035073,0.50,223.1
0.037578,0.50,223.1
0.040084,1.00,226.2
0.042589,1.00,226.2
0.045094,1.00,226.2
0.047599,1.00,226.2
0.050104,1.00,226.2
0.052610,1.00,226.2
0.055115,1.00,226.2
0.057620,1.50,229.2
0.060125,2.00,232.3
0.062630,2.00,232.3
0.065136,2.00,232.3
0.067641,2.00,232.3
0.070146,2.00,232.3
0.072651,2.00,232.3
0.075157,2.00,232.3
0.077662,2.00,232.3
0.080167,2.00,232.3
0.082672,2.00,232.3
0.085177,2.00,232.3
0.087683,2.00,232.3
0.090188,2.00,232.3
0.092693,2.00,232.3
0.095198,2.00,232.3
0.097704,2.00,232.3
0.100209,2.00,232.3
0.102714,2.00,232.3
0.105219,2.00,232.3
0.107724,2.00,232.3
0.110230,2.00,232.3
0.112735,2.00,232.3
0.115240,2.00,232.3
0.117745,3.00,238.5
0.120251,3.00,238.5
0.122756,3.00,238.5
0.125261,3.00,238.5
0.127766,3.50,241.6
0.130271,4.00,244.7
0.132777,4.00,244.7
0.135282,4.00,244.7
0.137787,4.00,244.7
0.140292,4.00,244.7
0.142797,4.00,244.7
0.145303,4.00,244.7
0.147808,4.00,244.7
0.150313,4.00,244.7
0.152818,4.00,244.7
0.155324,4.00,244.7
0.157829,4.00,244.7
0.160334,4.00,244.7
0.162839,4.00,244.7
0.165344,5.00,250.8
0.167850,5.00,250.8
0.170355,4.00,244.7
0.172860,4.00,244.7
0.175365,4.00,244.7
0.177871,4.00,244.7
0.180376,4.00,244.7
0.182881,4.00,244.7
0.185386,4.00,244.7
0.187891,4.00,244.7
0.190397,4.00,244.7
0.192902,4.00,244.7
0.195407,4.00,244.7
0.197912,4.00,244.7
0.200418,3.50,241.6
0.202923,3.00,238.5
0.205428,2.50,235.4
0.207933,1.50,229.2
0.210438,1.00,226.2
0.212944,0.50,223.1
0.215449,0.00,220.0
0.217954,0.00,220.0
0.220459,0.00,220.0
0.222965,0.50,223.1
0.225470,1.50,229.2
0.227975,2.00,232.3
0.230480,2.50,235.4
0.232985,3.50,241.6
0.235491,4.00,244.7
0.237996,4.00,244.7
0.240501,4.50,247.7
0.243006,5.00,250.8
0.245511,5.00,250.8
0.248017,6.00,257.0
0.250522,6.00,257.0
0.253027,6.00,257.0
0.255532,6.50,260.1
0.258038,7.50,266.2
0.260543,8.00,269.3
0.263048,8.50,272.4
0.265553,9.50,278.6
0.268058,10.00,281.6
0.270564,10.50,284.7
0.273069,11.00,287.8
0.275574,11.50,290.9
0.278079,12.50,297.1
0.280585,13.00,300.1
0.283090,13.50,303.2
0.285595,14.50,309.4
0.288100,15.50,315.5
0.290605,16.00,318.6
0.293111,17.00,324.8
0.295616,18.00,331.0
0.298121,18.50,334.0
0.300626,19.50,340.2
0.303132,21.00,349.5
0.305637,21.50,352.5
0.308142,22.50,358.7
0.310647,23.50,364.9
0.313152,24.50,371.0
0.315658,26.50,383.4
0.318163,28.00,392.6
0.320668,29.50,401.8
0.323173,31.00,411.1
0.325678,32.50,420.3
0.328184,34.00,429.6
0.330689,36.00,441.9
0.333194,37.50,451.2
0.335699,38.00,454.2
0.338205,38.50,457.3
0.340710,39.50,463.5
0.343215,40.00,466.6
0.345720,40.50,469.7
0.348225,41.50,475.8
0.350731,42.50,482.0
0.353236,43.50,488.2
0.355741,44.00,491.2
0.358246,45.00,497.4
0.360752,46.50,506.6
0.363257,47.50,512.8
0.365762,48.50,519.0
0.368267,49.50,525.1
0.370772,51.00,534.4
0.373278,51.50,537.5
0.375783,52.50,543.6
0.378288,53.50,549.8
0.380793,54.50,556.0
0.383299,55.00,559.0
0.385804,56.00,565.2
0.388309,56.50,568.3
0.390814,57.50,574.5
0.393319,58.00,577.5
0.395825,58.50,580.6
0.398330,59.50,586.8
0.400835,60.00,589.9
0.403340,61.00,596.0
0.405846,62.00,602.2
0.408351,62.50,605.3
0.410856,64.00,614.5
0.413361,65.50,623.8
0.415866,66.67,631.0
0.418372,67.83,638.2
0.420877,69.00,645.3
0.423382,69.50,648.4
0.425887,71.00,657.7
0.428392,73.50,673.1
0.430898,74.90,681.7
0.433403,76.30,690.3
0.435908,77.70,699.0
0.438413,79.10,707.6
0.440919,80.50,716.2
0.443424,82.00,725.5
0.445929,83.50,734.7
0.448434,85.00,744.0
0.450939,85.50,747.1
0.453445,87.50,759.4
0.455950,88.50,765.5
0.458455,89.50,771.7
0.460960,91.00,781.0
0.463466,92.50,790.2
0.465971,93.50,796.4
0.468476,95.00,805.6
0.470981,95.50,808.7
0.473486,97.00,817.9
0.475992,98.50,827.2
0.478497,99.50,833.4
0.481002,100.50,839.5
0.483507,101.50,845.7
0.486013,103.50,858.0
0.488518,104.50,864.2
0.491023,105.00,867.3
0.493528,106.00,873.4
0.496033,107.50,882.7
0.498539,109.00,891.9
0.501044,109.50,895.0
0.503549,110.50,901.2
0.506054,111.50,907.3
0.508559,112.50,913.5
0.511065,113.00,916.6
0.513570,113.00,916.6
0.516075,113.50,919.7
0.518580,114.00,922.7
0.521086,114.00,922.7
0.523591,114.50,925.8
0.526096,115.50,932.0
0.528601,116.00,935.1
0.531106,117.00,941.2
0.533612,117.50,944.3
0.536117,118.50,950.5
0.538622,119.50,956.6
0.541127,120.00,959.7
0.543633,120.50,962.8
0.546138,121.50,969.0
0.548643,122.00,972.1
0.551148,122.00,972.1
0.553653,122.50,975.1
0.556159,123.50,981.3
0.558664,124.00,984.4
0.561169,124.50,987.5
0.563674,125.50,993.6
0.566180,126.00,996.7
0.568685,126.50,999.8
0.571190,127.00,1002.9
0.573695,128.00,1009.0
0.576200,128.50,1012.1
0.578706,129.50,1018.3
0.581211,130.00,1021.4
0.583716,130.50,1024.5
0.586221,131.00,1027.5
0.588727,131.50,1030.6
0.591232,132.50,1036.8
0.593737,133.00,1039.9
0.596242,133.50,1042.9
0.598747,134.00,1046.0
0.601253,134.50,1049.1
0.603758,135.00,1052.2
0.606263,135.50,1055.3
0.608768,136.50,1061.4
0.611273,137.00,1064.5
0.613779,137.50,1067.6
0.616284,138.50,1073.8
0.618789,139.50,1079.9
0.621294,140.00,1083.0
0.623800,141.00,1089.2
0.626305,141.50,1092.3
0.628810,142.50,1098.4
0.631315,143.50,1104.6
0.633820,143.50,1104.6
0.636326,144.50,1110.8
0.638831,145.50,1116.9
0.641336,145.50,1116.9
0.643841,146.50,1123.1
0.646347,147.00,1126.2
0.648852,148.00,1132.3
0.651357,149.50,1141.6
0.653862,150.00,1144.7
0.656367,151.00,1150.8
0.658873,152.00,1157.0
0.661378,152.50,1160.1
0.663883,153.50,1166.2
0.666388,154.50,1172.4
0.668894,155.00,1175.5
0.671399,156.00,1181.6
0.673904,157.00,1187.8
0.676409,158.50,1197.1
0.678914,159.00,1200.1
0.681420,160.00,1206.3
0.683925,162.00,1218.6
0.686430,162.50,1221.7
0.688935,163.00,1224.8
0.691441,164.50,1234.0
0.693946,165.50,1240.2
0.696451,166.00,1243.3
0.698956,167.00,1249.5
0.701461,168.00,1255.6
0.703967,168.50,1258.7
0.706472,169.00,1261.8
0.708977,169.00,1261.8
0.711482,169.00,1261.8
0.713987,169.00,1261.8
0.716493,170.00,1267.9
0.718998,170.00,1267.9
0.721503,170.00,1267.9
0.724008,170.50,1271.0
0.726514,171.50,1277.2
0.729019,172.00,1280.3
0.731524,172.50,1283.4
0.734029,173.50,1289.5
0.736534,175.00,1298.8
0.739040,175.50,1301.8
0.741545,176.00,1304.9
0.744050,177.50,1314.2
0.746555,177.50,1314.2
0.749061,178.50,1320.3
0.751566,178.50,1320.3
0.754071,179.00,1323.4
0.756576,180.00,1329.6
0.759081,180.50,1332.7
0.761587,180.50,1332.7
0.764092,181.50,1338.8
0.766597,182.50,1345.0
0.769102,182.50,1345.0
0.771608,183.50,1351.2
0.774113,184.00,1354.2
0.776618,185.00,1360.4
0.779123,185.50,1363.5
0.781628,186.00,1366.6
0.784134,187.00,1372.7
0.786639,189.00,1385.1
0.789144,189.00,1385.1
0.791649,190.00,1391.2
0.794154,191.00,1397.4
0.796660,192.00,1403.6
0.799165,192.50,1406.6
0.801670,193.50,1412.8
0.804175,194.50,1419.0
0.806681,194.50,1419.0
0.809186,195.50,1425.1
0.811691,196.00,1428.2
0.814196,196.00,1428.2
0.816701,195.50,1425.1
0.819207,195.50,1425.1
0.821712,196.50,1431.3
0.824217,197.50,1437.5
0.826722,198.00,1440.5
0.829228,199.00,1446.7
0.831733,200.00,1452.9
0.834238,201.50,1462.1
0.836743,203.00,1471.4
0.839248,203.50,1474.5
0.841754,204.50,1480.6
0.844259,205.50,1486.8
0.846764,206.50,1492.9
0.849269,207.00,1496.0
0.851775,207.50,1499.1
0.854280,208.00,1502.2
0.856785,208.50,1505.3
0.859290,208.50,1505.3
0.861795,209.00,1508.4
0.864301,209.50,1511.4
0.866806,210.50,1517.6
0.869311,211.00,1520.7
0.871816,212.00,1526.8
0.874322,213.50,1536.1
0.876827,214.50,1542.3
0.879332,216.00,1551.5
0.881837,217.00,1557.7
0.884342,219.00,1570.0
0.886848,220.00,1576.2
0.889353,221.00,1582.3
0.891858,222.00,1588.5
0.894363,223.50,1597.7
0.896868,224.50,1603.9
0.899374,224.50,1603.9
0.901879,225.50,1610.1
0.904384,226.50,1616.2
0.906889,227.00,1619.3
0.909395,228.00,1625.5
0.911900,229.00,1631.6
0.914405,230.00,1637.8
0.916910,230.50,1640.9
0.919415,231.00,1644.0
0.921921,231.00,1644.0
0.924426,231.00,1644.0
0.926931,230.00,1637.8
0.929436,230.00,1637.8
0.931942,230.00,1637.8
0.934447,230.50,1640.9
0.936952,231.00,1644.0
0.939457,232.00,1650.1
0.941962,232.50,1653.2
0.944468,234.00,1662.5
0.946973,235.00,1668.6
0.949478,236.00,1674.8
0.951983,237.00,1681.0
0.954489,237.50,1684.0
0.956994,238.00,1687.1
0.959499,238.50,1690.2
0.962004,239.00,1693.3
0.964509,239.50,1696.4
0.967015,240.00,1699.5
0.969520,240.00,1699.5
0.972025,240.00,1699.5
0.974530,240.00,1699.5
0.977035,239.50,1696.4
0.979541,239.00,1693.3
0.982046,239.50,1696.4
0.984551,240.00,1699.5
0.987056,241.00,1705.6
0.989562,242.00,1711.8
0.992067,243.00,1717.9
0.994572,244.00,1724.1
0.997077,244.50,1727.2
0.999582,245.00,1730.3
1.002088,245.50,1733.4
1.004593,246.00,1736.4
1.007098,246.00,1736.4
1.009603,246.50,1739.5
1.012109,247.00,1742.6
1.014614,247.50,1745.7
1.017119,248.00,1748.8
1.019624,248.50,1751.8
1.022129,249.50,1758.0
1.024635,250.50,1764.2
1.027140,250.50,1764.2
1.029645,251.00,1767.3
1.032150,251.00,1767.3
1.034656,252.00,1773.4
1.037161,252.50,1776.5
1.039666,252.50,1776.5
1.042171,253.50,1782.7
1.044676,254.00,1785.8
1.047182,255.00,1791.9
1.049687,255.50,1795.0
1.052192,256.50,1801.2
1.054697,257.00,1804.2
1.057203,258.50,1813.5
1.059708,259.50,1819.7
1.062213,260.00,1822.7
1.064718,260.50,1825.8
1.067223,261.50,1832.0
1.069729,262.00,1835.1
1.072234,263.50,1844.3
1.074739,264.50,1850.5
1.077244,265.00,1853.6
1.079749,266.00,1859.7
1.082255,267.00,1865.9
1.084760,267.50,1869.0
1.087265,268.50,1875.1
1.089770,269.00,1878.2
1.092276,269.50,1881.3
1.094781,270.50,1887.5
1.097286,271.00,1890.5
1.099791,271.50,1893.6
1.102296,272.00,1896.7
1.104802,272.50,1899.8
1.107307,273.00,1902.9
1.109812,274.00,1909.0
1.112317,274.50,1912.1
1.114823,275.50,1918.3
1.117328,277.00,1927.5
1.119833,277.50,1930.6
1.122338,278.50,1936.8
1.124843,279.00,1939.9
1.127349,279.50,1942.9
1.129854,280.00,1946.0
1.132359,280.50,1949.1
1.134864,281.00,1952.2
1.137370,281.00,1952.2
1.139875,281.00,1952.2
1.142380,281.00,1952.2
1.144885,282.00,1958.4
1.147390,282.00,1958.4
1.149896,282.00,1958.4
1.152401,282.50,1961.4
1.154906,283.00,1964.5
1.157411,283.00,1964.5
1.159916,283.00,1964.5
1.162422,283.50,1967.6
1.164927,283.50,1967.6
1.167432,284.50,1973.8
1.169937,286.00,1983.0
1.172443,286.50,1986.1
1.174948,287.50,1992.3
1.177453,288.00,1995.3
1.179958,289.50,2004.6
1.182463,290.00,2007.7
1.184969,290.00,2007.7
1.187474,290.00,2007.7
1.189979,290.50,2010.8
1.192484,291.00,2013.8
1.194990,291.50,2016.9
1.197495,292.00,2020.0
